timestamp,cpu_idx,processed,dropped,time_squeeze
1772705530.066433080,0,0x029a2f91,0x00000000,0x0000003e
1772705530.066433080,1,0x02b6a6d4,0x00000000,0x00000000
1772705530.066433080,2,0x0312bc7a,0x00000000,0x00000000
1772705530.066433080,3,0x033e6df5,0x00000000,0x00000000
1772705530.066433080,4,0x02274b7b,0x00000000,0x00000000
1772705530.066433080,5,0x02ace614,0x00000000,0x00000000
1772705530.066433080,6,0x026335ac,0x00000000,0x00000000
1772705530.066433080,7,0x02a75423,0x00000000,0x00000000
1772705531.328876377,0,0x029a30a9,0x00000000,0x0000003e
1772705531.328876377,1,0x02b6a6d4,0x00000000,0x00000000
1772705531.328876377,2,0x0312bc7a,0x00000000,0x00000000
1772705531.328876377,3,0x033e6df5,0x00000000,0x00000000
1772705531.328876377,4,0x02274b7e,0x00000000,0x00000000
1772705531.328876377,5,0x02ace618,0x00000000,0x00000000
1772705531.328876377,6,0x026335ac,0x00000000,0x00000000
1772705531.328876377,7,0x02a75423,0x00000000,0x00000000
1772705532.522643425,0,0x029a31c1,0x00000000,0x0000003e
1772705532.522643425,1,0x02b6a6d8,0x00000000,0x00000000
1772705532.522643425,2,0x0312bc7b,0x00000000,0x00000000
1772705532.522643425,3,0x033e6df9,0x00000000,0x00000000
1772705532.522643425,4,0x0227901c,0x00000000,0x00000000
1772705532.522643425,5,0x02ace621,0x00000000,0x00000000
1772705532.522643425,6,0x026335b2,0x00000000,0x00000000
1772705532.522643425,7,0x02a75423,0x00000000,0x00000000
1772705533.729615971,0,0x029a32cb,0x00000000,0x0000003e
1772705533.729615971,1,0x02b6f5b3,0x00000000,0x00000000
1772705533.729615971,2,0x0312cc1c,0x00000000,0x00000000
1772705533.729615971,3,0x033e6dfd,0x00000000,0x00000000
1772705533.729615971,4,0x0227a234,0x00000000,0x00000000
1772705533.729615971,5,0x02ad0ae2,0x00000000,0x00000000
1772705533.729615971,6,0x026335b2,0x00000000,0x00000000
1772705533.729615971,7,0x02a75423,0x00000000,0x00000000
1772705534.978908805,0,0x029a33d1,0x00000000,0x0000003e
1772705534.978908805,1,0x02b76485,0x00000000,0x00000000
1772705534.978908805,2,0x0312cc1c,0x00000000,0x00000000
1772705534.978908805,3,0x033e6dfd,0x00000000,0x00000000
1772705534.978908805,4,0x0227a234,0x00000000,0x00000000
1772705534.978908805,5,0x02ad3ec1,0x00000000,0x00000000
1772705534.978908805,6,0x026335b2,0x00000000,0x00000000
1772705534.978908805,7,0x02a75423,0x00000000,0x00000000
1772705536.172855991,0,0x029a34d8,0x00000000,0x0000003e
1772705536.172855991,1,0x02b7f12c,0x00000000,0x00000000
1772705536.172855991,2,0x0312cc1c,0x00000000,0x00000000
1772705536.172855991,3,0x033e6dfd,0x00000000,0x00000000
1772705536.172855991,4,0x0227a23b,0x00000000,0x00000000
1772705536.172855991,5,0x02ad40ab,0x00000000,0x00000000
1772705536.172855991,6,0x026335b2,0x00000000,0x00000000
1772705536.172855991,7,0x02a75423,0x00000000,0x00000000
1772705537.373112635,0,0x029a35e8,0x00000000,0x0000003e
1772705537.373112635,1,0x02b834b1,0x00000000,0x00000000
1772705537.373112635,2,0x0312cc1c,0x00000000,0x00000000
1772705537.373112635,3,0x033e6e01,0x00000000,0x00000000
1772705537.373112635,4,0x0227a23b,0x00000000,0x00000000
1772705537.373112635,5,0x02adb495,0x00000000,0x00000000
1772705537.373112635,6,0x026335b2,0x00000000,0x00000000
1772705537.373112635,7,0x02a75423,0x00000000,0x00000000
1772705538.568013869,0,0x029a36f6,0x00000000,0x0000003e
1772705538.568013869,1,0x02b89d71,0x00000000,0x00000000
1772705538.568013869,2,0x0312cc1c,0x00000000,0x00000000
1772705538.568013869,3,0x033e6e05,0x00000000,0x00000000
1772705538.568013869,4,0x0227a23f,0x00000000,0x00000000
1772705538.568013869,5,0x02adf45b,0x00000000,0x00000000
1772705538.568013869,6,0x026335b2,0x00000000,0x00000000
1772705538.568013869,7,0x02a75423,0x00000000,0x00000000
1772705539.756862329,0,0x029a583d,0x00000000,0x0000003e
1772705539.756862329,1,0x02b8ccaa,0x00000000,0x00000000
1772705539.756862329,2,0x0312cc1c,0x00000000,0x00000000
1772705539.756862329,3,0x033e7512,0x00000000,0x00000000
1772705539.756862329,4,0x0227b754,0x00000000,0x00000000
1772705539.756862329,5,0x02ae3014,0x00000000,0x00000000
1772705539.756862329,6,0x026335b2,0x00000000,0x00000000
1772705539.756862329,7,0x02a75423,0x00000000,0x00000000
1772705540.938459804,0,0x029a593d,0x00000000,0x0000003e
1772705540.938459804,1,0x02b8ccaa,0x00000000,0x00000000
1772705540.938459804,2,0x0312f9a0,0x00000000,0x00000000
1772705540.938459804,3,0x033e7512,0x00000000,0x00000000
1772705540.938459804,4,0x0227c2bf,0x00000000,0x00000000
1772705540.938459804,5,0x02ae301a,0x00000000,0x00000000
1772705540.938459804,6,0x0263b961,0x00000000,0x00000000
1772705540.938459804,7,0x02a75423,0x00000000,0x00000000
1772705542.132869854,0,0x029a5a43,0x00000000,0x0000003e
1772705542.132869854,1,0x02b8d79f,0x00000000,0x00000000
1772705542.132869854,2,0x0312f9a2,0x00000000,0x00000000
1772705542.132869854,3,0x033e7512,0x00000000,0x00000000
1772705542.132869854,4,0x0227c2da,0x00000000,0x00000000
1772705542.132869854,5,0x02ae301c,0x00000000,0x00000000
1772705542.132869854,6,0x02643d6a,0x00000000,0x00000000
1772705542.132869854,7,0x02a75423,0x00000000,0x00000000
1772705543.313386395,0,0x029a5b4d,0x00000000,0x0000003e
1772705543.313386395,1,0x02b96757,0x00000000,0x00000000
1772705543.313386395,2,0x0312f9a2,0x00000000,0x00000000
1772705543.313386395,3,0x033e7512,0x00000000,0x00000000
1772705543.313386395,4,0x0227c2ee,0x00000000,0x00000000
1772705543.313386395,5,0x02ae4810,0x00000000,0x00000000
1772705543.313386395,6,0x02644c4c,0x00000000,0x00000000
1772705543.313386395,7,0x02a75423,0x00000000,0x00000000
1772705544.491833221,0,0x029a5c5a,0x00000000,0x0000003e
1772705544.491833221,1,0x02b96757,0x00000000,0x00000000
1772705544.491833221,2,0x0312f9a2,0x00000000,0x00000000
1772705544.491833221,3,0x033eb74d,0x00000000,0x00000000
1772705544.491833221,4,0x0227c2ee,0x00000000,0x00000000
1772705544.491833221,5,0x02ae9c6f,0x00000000,0x00000000
1772705544.491833221,6,0x02644c56,0x00000000,0x00000000
1772705544.491833221,7,0x02a75423,0x00000000,0x00000000
1772705545.699652378,0,0x029a5d64,0x00000000,0x0000003e
1772705545.699652378,1,0x02b96757,0x00000000,0x00000000
1772705545.699652378,2,0x0312f9a2,0x00000000,0x00000000
1772705545.699652378,3,0x033f4830,0x00000000,0x00000000
1772705545.699652378,4,0x0227c2ee,0x00000000,0x00000000
1772705545.699652378,5,0x02ae9c80,0x00000000,0x00000000
1772705545.699652378,6,0x02644c57,0x00000000,0x00000000
1772705545.699652378,7,0x02a76a7d,0x00000000,0x00000000
1772705546.870888425,0,0x029a5e59,0x00000000,0x0000003e
1772705546.870888425,1,0x02b96757,0x00000000,0x00000000
1772705546.870888425,2,0x031307a0,0x00000000,0x00000000
1772705546.870888425,3,0x033f8980,0x00000000,0x00000000
1772705546.870888425,4,0x0227c2ee,0x00000000,0x00000000
1772705546.870888425,5,0x02ae9c86,0x00000000,0x00000000
1772705546.870888425,6,0x02647c2a,0x00000000,0x00000000
1772705546.870888425,7,0x02a7905d,0x00000000,0x00000000
1772705548.065877767,0,0x029a5f70,0x00000000,0x0000003e
1772705548.065877767,1,0x02b96757,0x00000000,0x00000000
1772705548.065877767,2,0x0313249f,0x00000000,0x00000000
1772705548.065877767,3,0x033f8980,0x00000000,0x00000000
1772705548.065877767,4,0x0227c2ee,0x00000000,0x00000000
1772705548.065877767,5,0x02ae9c8c,0x00000000,0x00000000
1772705548.065877767,6,0x0264fa9b,0x00000000,0x00000000
1772705548.065877767,7,0x02a7905d,0x00000000,0x00000000
1772705549.252538471,0,0x029a5fd5,0x00000000,0x0000003e
1772705549.252538471,1,0x02b96757,0x00000000,0x00000000
1772705549.252538471,2,0x0313a83e,0x00000000,0x00000000
1772705549.252538471,3,0x033f8980,0x00000000,0x00000000
1772705549.252538471,4,0x0227c2f2,0x00000000,0x00000000
1772705549.252538471,5,0x02ae9c8c,0x00000000,0x00000000
1772705549.252538471,6,0x02651a56,0x00000000,0x00000000
1772705549.252538471,7,0x02a79063,0x00000000,0x00000000
1772705550.441914159,0,0x029a5ffc,0x00000000,0x0000003e
1772705550.441914159,1,0x02b96757,0x00000000,0x00000000
1772705550.441914159,2,0x0313c867,0x00000000,0x00000000
1772705550.441914159,3,0x033f8980,0x00000000,0x00000000
1772705550.441914159,4,0x0227c2f2,0x00000000,0x00000000
1772705550.441914159,5,0x02ae9c8c,0x00000000,0x00000000
1772705550.441914159,6,0x0265a133,0x00000000,0x00000000
1772705550.441914159,7,0x02a79063,0x00000000,0x00000000
1772705551.621882772,0,0x029a601e,0x00000000,0x0000003e
1772705551.621882772,1,0x02b96761,0x00000000,0x00000000
1772705551.621882772,2,0x0313c867,0x00000000,0x00000000
1772705551.621882772,3,0x033fc72d,0x00000000,0x00000000
1772705551.621882772,4,0x0227c2f4,0x00000000,0x00000000
1772705551.621882772,5,0x02ae9c8c,0x00000000,0x00000000
1772705551.621882772,6,0x0265e997,0x00000000,0x00000000
1772705551.621882772,7,0x02a7aeb1,0x00000000,0x00000000
1772705552.784871156,0,0x029a602c,0x00000000,0x0000003e
1772705552.784871156,1,0x02b96761,0x00000000,0x00000000
1772705552.784871156,2,0x0313c867,0x00000000,0x00000000
1772705552.784871156,3,0x033fe165,0x00000000,0x00000000
1772705552.784871156,4,0x0227c2f4,0x00000000,0x00000000
1772705552.784871156,5,0x02ae9c8c,0x00000000,0x00000000
1772705552.784871156,6,0x0265e999,0x00000000,0x00000000
1772705552.784871156,7,0x02a83769,0x00000000,0x00000000
1772705553.961515386,0,0x029a602d,0x00000000,0x0000003e
1772705553.961515386,1,0x02b96761,0x00000000,0x00000000
1772705553.961515386,2,0x0313c867,0x00000000,0x00000000
1772705553.961515386,3,0x034046fc,0x00000000,0x00000000
1772705553.961515386,4,0x0227c2f4,0x00000000,0x00000000
1772705553.961515386,5,0x02ae9c96,0x00000000,0x00000000
1772705553.961515386,6,0x0265e999,0x00000000,0x00000000
1772705553.961515386,7,0x02a88dce,0x00000000,0x00000000
1772705555.142658681,0,0x029a602d,0x00000000,0x0000003e
1772705555.142658681,1,0x02b96761,0x00000000,0x00000000
1772705555.142658681,2,0x0313c867,0x00000000,0x00000000
1772705555.142658681,3,0x03406395,0x00000000,0x00000000
1772705555.142658681,4,0x0227c2fe,0x00000000,0x00000000
1772705555.142658681,5,0x02ae9c96,0x00000000,0x00000000
1772705555.142658681,6,0x0265e9a7,0x00000000,0x00000000
1772705555.142658681,7,0x02a91618,0x00000000,0x00000000
1772705556.311825634,0,0x029a602d,0x00000000,0x0000003e
1772705556.311825634,1,0x02b9d7b5,0x00000000,0x00000000
1772705556.311825634,2,0x0313c96a,0x00000000,0x00000000
1772705556.311825634,3,0x03407882,0x00000000,0x00000000
1772705556.311825634,4,0x0227c2fe,0x00000000,0x00000000
1772705556.311825634,5,0x02aeb5ad,0x00000000,0x00000000
1772705556.311825634,6,0x0265e9b3,0x00000000,0x00000000
1772705556.311825634,7,0x02a91618,0x00000000,0x00000000
1772705557.501549519,0,0x029a62c4,0x00000000,0x0000003e
1772705557.501549519,1,0x02ba018b,0x00000000,0x00000000
1772705557.501549519,2,0x0313c96a,0x00000000,0x00000000
1772705557.501549519,3,0x03408f1c,0x00000000,0x00000000
1772705557.501549519,4,0x0227c2fe,0x00000000,0x00000000
1772705557.501549519,5,0x02af202a,0x00000000,0x00000000
1772705557.501549519,6,0x0265e9c3,0x00000000,0x00000000
1772705557.501549519,7,0x02a91618,0x00000000,0x00000000
1772705558.670901628,0,0x029a63c2,0x00000000,0x0000003e
1772705558.670901628,1,0x02ba018b,0x00000000,0x00000000
1772705558.670901628,2,0x0313c96a,0x00000000,0x00000000
1772705558.670901628,3,0x03412601,0x00000000,0x00000000
1772705558.670901628,4,0x0227c2fe,0x00000000,0x00000000
1772705558.670901628,5,0x02af202a,0x00000000,0x00000000
1772705558.670901628,6,0x0265e9c3,0x00000000,0x00000000
1772705558.670901628,7,0x02a918ab,0x00000000,0x00000000
1772705559.852942040,0,0x029a64a7,0x00000000,0x0000003e
1772705559.852942040,1,0x02ba018b,0x00000000,0x00000000
1772705559.852942040,2,0x0313d525,0x00000000,0x00000000
1772705559.852942040,3,0x03416104,0x00000000,0x00000000
1772705559.852942040,4,0x0227c2fe,0x00000000,0x00000000
1772705559.852942040,5,0x02af202a,0x00000000,0x00000000
1772705559.852942040,6,0x0265ef9b,0x00000000,0x00000000
1772705559.852942040,7,0x02a97163,0x00000000,0x00000000
1772705561.012486076,0,0x029a65a3,0x00000000,0x0000003e
1772705561.012486076,1,0x02ba018b,0x00000000,0x00000000
1772705561.012486076,2,0x0313d777,0x00000000,0x00000000
1772705561.012486076,3,0x03416104,0x00000000,0x00000000
1772705561.012486076,4,0x0227c2fe,0x00000000,0x00000000
1772705561.012486076,5,0x02af2034,0x00000000,0x00000000
1772705561.012486076,6,0x026681b7,0x00000000,0x00000000
1772705561.012486076,7,0x02a97163,0x00000000,0x00000000
1772705562.212555130,0,0x029a668f,0x00000000,0x0000003e
1772705562.212555130,1,0x02ba018b,0x00000000,0x00000000
1772705562.212555130,2,0x0313d97e,0x00000000,0x00000000
1772705562.212555130,3,0x03416104,0x00000000,0x00000000
1772705562.212555130,4,0x0227c2fe,0x00000000,0x00000000
1772705562.212555130,5,0x02af2034,0x00000000,0x00000000
1772705562.212555130,6,0x02672409,0x00000000,0x00000000
1772705562.212555130,7,0x02a97165,0x00000000,0x00000000
1772705563.394457910,0,0x029a6784,0x00000000,0x0000003e
1772705563.394457910,1,0x02ba0273,0x00000000,0x00000000
1772705563.394457910,2,0x0313d9fa,0x00000000,0x00000000
1772705563.394457910,3,0x03416104,0x00000000,0x00000000
1772705563.394457910,4,0x0227c2fe,0x00000000,0x00000000
1772705563.394457910,5,0x02af203a,0x00000000,0x00000000
1772705563.394457910,6,0x0267bee7,0x00000000,0x00000000
1772705563.394457910,7,0x02a97165,0x00000000,0x00000000
1772705564.566944872,0,0x029a6873,0x00000000,0x0000003e
1772705564.566944872,1,0x02ba0273,0x00000000,0x00000000
1772705564.566944872,2,0x03142bfc,0x00000000,0x00000000
1772705564.566944872,3,0x03416104,0x00000000,0x00000000
1772705564.566944872,4,0x0227c2fe,0x00000000,0x00000000
1772705564.566944872,5,0x02af203d,0x00000000,0x00000000
1772705564.566944872,6,0x0267fe50,0x00000000,0x00000000
1772705564.566944872,7,0x02a9716b,0x00000000,0x00000000
1772705565.746420352,0,0x029a6962,0x00000000,0x0000003e
1772705565.746420352,1,0x02ba0273,0x00000000,0x00000000
1772705565.746420352,2,0x0314cc6f,0x00000000,0x00000000
1772705565.746420352,3,0x03416106,0x00000000,0x00000000
1772705565.746420352,4,0x0227c2fe,0x00000000,0x00000000
1772705565.746420352,5,0x02af203d,0x00000000,0x00000000
1772705565.746420352,6,0x0268006e,0x00000000,0x00000000
1772705565.746420352,7,0x02a9716f,0x00000000,0x00000000
1772705566.933931966,0,0x029a6a56,0x00000000,0x0000003e
1772705566.933931966,1,0x02ba027d,0x00000000,0x00000000
1772705566.933931966,2,0x03156b05,0x00000000,0x00000000
1772705566.933931966,3,0x03416106,0x00000000,0x00000000
1772705566.933931966,4,0x0227c2fe,0x00000000,0x00000000
1772705566.933931966,5,0x02af203d,0x00000000,0x00000000
1772705566.933931966,6,0x0268075a,0x00000000,0x00000000
1772705566.933931966,7,0x02a9716f,0x00000000,0x00000000
1772705568.119956060,0,0x029a6d8c,0x00000000,0x0000003e
1772705568.119956060,1,0x02ba0283,0x00000000,0x00000000
1772705568.119956060,2,0x03160a92,0x00000000,0x00000000
1772705568.119956060,3,0x03416106,0x00000000,0x00000000
1772705568.119956060,4,0x0227c2fe,0x00000000,0x00000000
1772705568.119956060,5,0x02af203d,0x00000000,0x00000000
1772705568.119956060,6,0x02680960,0x00000000,0x00000000
1772705568.119956060,7,0x02a9716f,0x00000000,0x00000000
1772705569.304346986,0,0x029a6e86,0x00000000,0x0000003e
1772705569.304346986,1,0x02ba0283,0x00000000,0x00000000
1772705569.304346986,2,0x0316af02,0x00000000,0x00000000
1772705569.304346986,3,0x0341610c,0x00000000,0x00000000
1772705569.304346986,4,0x0227c302,0x00000000,0x00000000
1772705569.304346986,5,0x02af203f,0x00000000,0x00000000
1772705569.304346986,6,0x02680c1d,0x00000000,0x00000000
1772705569.304346986,7,0x02a9716f,0x00000000,0x00000000
1772705570.467940730,0,0x029a6f76,0x00000000,0x0000003e
1772705570.467940730,1,0x02ba02d4,0x00000000,0x00000000
1772705570.467940730,2,0x03172a33,0x00000000,0x00000000
1772705570.467940730,3,0x0341610c,0x00000000,0x00000000
1772705570.467940730,4,0x0227c302,0x00000000,0x00000000
1772705570.467940730,5,0x02af220b,0x00000000,0x00000000
1772705570.467940730,6,0x02680ea9,0x00000000,0x00000000
1772705570.467940730,7,0x02a97179,0x00000000,0x00000000
1772705571.647925556,0,0x029a7072,0x00000000,0x0000003e
1772705571.647925556,1,0x02ba06d7,0x00000000,0x00000000
1772705571.647925556,2,0x03179db8,0x00000000,0x00000000
1772705571.647925556,3,0x0341611a,0x00000000,0x00000000
1772705571.647925556,4,0x0227c302,0x00000000,0x00000000
1772705571.647925556,5,0x02af2eed,0x00000000,0x00000000
1772705571.647925556,6,0x02683a5e,0x00000000,0x00000000
1772705571.647925556,7,0x02a97179,0x00000000,0x00000000
1772705572.816318914,0,0x029a7160,0x00000000,0x0000003e
1772705572.816318914,1,0x02ba06d7,0x00000000,0x00000000
1772705572.816318914,2,0x0317f424,0x00000000,0x00000000
1772705572.816318914,3,0x0341611a,0x00000000,0x00000000
1772705572.816318914,4,0x0227c302,0x00000000,0x00000000
1772705572.816318914,5,0x02af2ef4,0x00000000,0x00000000
1772705572.816318914,6,0x02688936,0x00000000,0x00000000
1772705572.816318914,7,0x02a97179,0x00000000,0x00000000
1772705574.010834262,0,0x029a724f,0x00000000,0x0000003e
1772705574.010834262,1,0x02ba07b2,0x00000000,0x00000000
1772705574.010834262,2,0x03188b5d,0x00000000,0x00000000
1772705574.010834262,3,0x0341625c,0x00000000,0x00000000
1772705574.010834262,4,0x0227c302,0x00000000,0x00000000
1772705574.010834262,5,0x02af2efa,0x00000000,0x00000000
1772705574.010834262,6,0x02688c60,0x00000000,0x00000000
1772705574.010834262,7,0x02a97179,0x00000000,0x00000000
1772705575.201879018,0,0x029a733d,0x00000000,0x0000003e
1772705575.201879018,1,0x02ba07b2,0x00000000,0x00000000
1772705575.201879018,2,0x0318e673,0x00000000,0x00000000
1772705575.201879018,3,0x03416260,0x00000000,0x00000000
1772705575.201879018,4,0x0227c302,0x00000000,0x00000000
1772705575.201879018,5,0x02af2f05,0x00000000,0x00000000
1772705575.201879018,6,0x0268d46e,0x00000000,0x00000000
1772705575.201879018,7,0x02a97183,0x00000000,0x00000000
1772705576.352939926,0,0x029a742b,0x00000000,0x0000003e
1772705576.352939926,1,0x02ba07b2,0x00000000,0x00000000
1772705576.352939926,2,0x0318e847,0x00000000,0x00000000
1772705576.352939926,3,0x03416262,0x00000000,0x00000000
1772705576.352939926,4,0x0227c302,0x00000000,0x00000000
1772705576.352939926,5,0x02af2f0b,0x00000000,0x00000000
1772705576.352939926,6,0x02697376,0x00000000,0x00000000
1772705576.352939926,7,0x02a97183,0x00000000,0x00000000
1772705577.536005163,0,0x029a7523,0x00000000,0x0000003e
1772705577.536005163,1,0x02ba07b2,0x00000000,0x00000000
1772705577.536005163,2,0x0318ee61,0x00000000,0x00000000
1772705577.536005163,3,0x03416266,0x00000000,0x00000000
1772705577.536005163,4,0x0227c302,0x00000000,0x00000000
1772705577.536005163,5,0x02af2f0b,0x00000000,0x00000000
1772705577.536005163,6,0x026a152c,0x00000000,0x00000000
1772705577.536005163,7,0x02a97189,0x00000000,0x00000000
1772705578.740996743,0,0x029a7626,0x00000000,0x0000003e
1772705578.740996743,1,0x02ba07b2,0x00000000,0x00000000
1772705578.740996743,2,0x03194f70,0x00000000,0x00000000
1772705578.740996743,3,0x03416266,0x00000000,0x00000000
1772705578.740996743,4,0x0227c309,0x00000000,0x00000000
1772705578.740996743,5,0x02af2f16,0x00000000,0x00000000
1772705578.740996743,6,0x026a483b,0x00000000,0x00000000
1772705578.740996743,7,0x02a97189,0x00000000,0x00000000
1772705579.924058430,0,0x029a7786,0x00000000,0x0000003e
1772705579.924058430,1,0x02ba07b2,0x00000000,0x00000000
1772705579.924058430,2,0x0319eec8,0x00000000,0x00000000
1772705579.924058430,3,0x03416266,0x00000000,0x00000000
1772705579.924058430,4,0x0227c309,0x00000000,0x00000000
1772705579.924058430,5,0x02af2f29,0x00000000,0x00000000
1772705579.924058430,6,0x026a4a56,0x00000000,0x00000000
1772705579.924058430,7,0x02a97189,0x00000000,0x00000000
1772705581.119918109,0,0x029a822f,0x00000000,0x0000003e
1772705581.119918109,1,0x02ba07b2,0x00000000,0x00000000
1772705581.119918109,2,0x031a8259,0x00000000,0x00000000
1772705581.119918109,3,0x034163a8,0x00000000,0x00000000
1772705581.119918109,4,0x0227d1dc,0x00000000,0x00000000
1772705581.119918109,5,0x02af2f33,0x00000000,0x00000000
1772705581.119918109,6,0x026a4c21,0x00000000,0x00000000
1772705581.119918109,7,0x02a97189,0x00000000,0x00000000
1772705582.294838156,0,0x029aa99f,0x00000000,0x0000003e
1772705582.294838156,1,0x02ba07b5,0x00000000,0x00000000
1772705582.294838156,2,0x031a9ff6,0x00000000,0x00000000
1772705582.294838156,3,0x034163aa,0x00000000,0x00000000
1772705582.294838156,4,0x02282523,0x00000000,0x00000000
1772705582.294838156,5,0x02af2f33,0x00000000,0x00000000
1772705582.294838156,6,0x026a6405,0x00000000,0x00000000
1772705582.294838156,7,0x02a97190,0x00000000,0x00000000
1772705583.467300548,0,0x029aaa85,0x00000000,0x0000003e
1772705583.467300548,1,0x02ba0e54,0x00000000,0x00000000
1772705583.467300548,2,0x031af36f,0x00000000,0x00000000
1772705583.467300548,3,0x034197b4,0x00000000,0x00000000
1772705583.467300548,4,0x02282523,0x00000000,0x00000000
1772705583.467300548,5,0x02af3c5b,0x00000000,0x00000000
1772705583.467300548,6,0x026a73ef,0x00000000,0x00000000
1772705583.467300548,7,0x02a97194,0x00000000,0x00000000
1772705584.667403998,0,0x029aab7d,0x00000000,0x0000003e
1772705584.667403998,1,0x02ba0e54,0x00000000,0x00000000
1772705584.667403998,2,0x031af36f,0x00000000,0x00000000
1772705584.667403998,3,0x03425133,0x00000000,0x00000000
1772705584.667403998,4,0x02282523,0x00000000,0x00000000
1772705584.667403998,5,0x02af3c5b,0x00000000,0x00000000
1772705584.667403998,6,0x026a73ef,0x00000000,0x00000000
1772705584.667403998,7,0x02a971a6,0x00000000,0x00000000
1772705585.854964817,0,0x029aac61,0x00000000,0x0000003e
1772705585.854964817,1,0x02ba0e54,0x00000000,0x00000000
1772705585.854964817,2,0x031af36f,0x00000000,0x00000000
1772705585.854964817,3,0x0342dd13,0x00000000,0x00000000
1772705585.854964817,4,0x02282523,0x00000000,0x00000000
1772705585.854964817,5,0x02af3c5b,0x00000000,0x00000000
1772705585.854964817,6,0x026a73f1,0x00000000,0x00000000
1772705585.854964817,7,0x02a971b0,0x00000000,0x00000000
1772705587.044144197,0,0x029aad59,0x00000000,0x0000003e
1772705587.044144197,1,0x02ba0e54,0x00000000,0x00000000
1772705587.044144197,2,0x031af36f,0x00000000,0x00000000
1772705587.044144197,3,0x03438a56,0x00000000,0x00000000
1772705587.044144197,4,0x0228252d,0x00000000,0x00000000
1772705587.044144197,5,0x02af3c5b,0x00000000,0x00000000
1772705587.044144197,6,0x026a73f1,0x00000000,0x00000000
1772705587.044144197,7,0x02a971b0,0x00000000,0x00000000
1772705588.241887405,0,0x029aae5b,0x00000000,0x0000003e
1772705588.241887405,1,0x02ba0e54,0x00000000,0x00000000
1772705588.241887405,2,0x031af36f,0x00000000,0x00000000
1772705588.241887405,3,0x0343ea90,0x00000000,0x00000000
1772705588.241887405,4,0x02282537,0x00000000,0x00000000
1772705588.241887405,5,0x02af3c5b,0x00000000,0x00000000
1772705588.241887405,6,0x026a73f1,0x00000000,0x00000000
1772705588.241887405,7,0x02a9cb80,0x00000000,0x00000000
1772705589.428084785,0,0x029aaf39,0x00000000,0x0000003e
1772705589.428084785,1,0x02ba0e54,0x00000000,0x00000000
1772705589.428084785,2,0x031af36f,0x00000000,0x00000000
1772705589.428084785,3,0x03440440,0x00000000,0x00000000
1772705589.428084785,4,0x02282545,0x00000000,0x00000000
1772705589.428084785,5,0x02af3c5b,0x00000000,0x00000000
1772705589.428084785,6,0x026a73f1,0x00000000,0x00000000
1772705589.428084785,7,0x02aa709a,0x00000000,0x00000000
1772705590.604896485,0,0x029ab027,0x00000000,0x0000003e
1772705590.604896485,1,0x02ba0e5c,0x00000000,0x00000000
1772705590.604896485,2,0x031af36f,0x00000000,0x00000000
1772705590.604896485,3,0x0344415c,0x00000000,0x00000000
1772705590.604896485,4,0x02282549,0x00000000,0x00000000
1772705590.604896485,5,0x02af3c5b,0x00000000,0x00000000
1772705590.604896485,6,0x026a73f1,0x00000000,0x00000000
1772705590.604896485,7,0x02aabf0e,0x00000000,0x00000000
1772705591.778639944,0,0x029ab120,0x00000000,0x0000003e
1772705591.778639944,1,0x02ba18b8,0x00000000,0x00000000
1772705591.778639944,2,0x031af36f,0x00000000,0x00000000
1772705591.778639944,3,0x03448e4e,0x00000000,0x00000000
1772705591.778639944,4,0x02282549,0x00000000,0x00000000
1772705591.778639944,5,0x02af3c5b,0x00000000,0x00000000
1772705591.778639944,6,0x026a73f1,0x00000000,0x00000000
1772705591.778639944,7,0x02ab0368,0x00000000,0x00000000
1772705592.954228781,0,0x029ac2cf,0x00000000,0x0000003e
1772705592.954228781,1,0x02ba1f9a,0x00000000,0x00000000
1772705592.954228781,2,0x031af36f,0x00000000,0x00000000
1772705592.954228781,3,0x0344f8e5,0x00000000,0x00000000
1772705592.954228781,4,0x02282549,0x00000000,0x00000000
1772705592.954228781,5,0x02af3c5b,0x00000000,0x00000000
1772705592.954228781,6,0x026a73f1,0x00000000,0x00000000
1772705592.954228781,7,0x02ab3aa1,0x00000000,0x00000000
1772705594.137415170,0,0x029ac3c6,0x00000000,0x0000003e
1772705594.137415170,1,0x02ba1f9a,0x00000000,0x00000000
1772705594.137415170,2,0x031af36f,0x00000000,0x00000000
1772705594.137415170,3,0x0345887e,0x00000000,0x00000000
1772705594.137415170,4,0x02282549,0x00000000,0x00000000
1772705594.137415170,5,0x02af3c5b,0x00000000,0x00000000
1772705594.137415170,6,0x026a73f1,0x00000000,0x00000000
1772705594.137415170,7,0x02ab4521,0x00000000,0x00000000
1772705595.318516082,0,0x029ac4bc,0x00000000,0x0000003e
1772705595.318516082,1,0x02ba1f9a,0x00000000,0x00000000
1772705595.318516082,2,0x031af371,0x00000000,0x00000000
1772705595.318516082,3,0x0345f508,0x00000000,0x00000000
1772705595.318516082,4,0x02282549,0x00000000,0x00000000
1772705595.318516082,5,0x02af3c5b,0x00000000,0x00000000
1772705595.318516082,6,0x026a73f1,0x00000000,0x00000000
1772705595.318516082,7,0x02ab8f3e,0x00000000,0x00000000
1772705596.503311661,0,0x029ac5a6,0x00000000,0x0000003e
1772705596.503311661,1,0x02ba400c,0x00000000,0x00000000
1772705596.503311661,2,0x031af371,0x00000000,0x00000000
1772705596.503311661,3,0x0345f50f,0x00000000,0x00000000
1772705596.503311661,4,0x02282549,0x00000000,0x00000000
1772705596.503311661,5,0x02af3c5b,0x00000000,0x00000000
1772705596.503311661,6,0x026a73f1,0x00000000,0x00000000
1772705596.503311661,7,0x02abf952,0x00000000,0x00000000
1772705597.673838219,0,0x029ac6a2,0x00000000,0x0000003e
1772705597.673838219,1,0x02bae49b,0x00000000,0x00000000
1772705597.673838219,2,0x031af371,0x00000000,0x00000000
1772705597.673838219,3,0x0345f50f,0x00000000,0x00000000
1772705597.673838219,4,0x02282549,0x00000000,0x00000000
1772705597.673838219,5,0x02af5637,0x00000000,0x00000000
1772705597.673838219,6,0x026a73f1,0x00000000,0x00000000
1772705597.673838219,7,0x02abf95d,0x00000000,0x00000000
1772705598.864854784,0,0x029ac791,0x00000000,0x0000003e
1772705598.864854784,1,0x02bae49e,0x00000000,0x00000000
1772705598.864854784,2,0x031af371,0x00000000,0x00000000
1772705598.864854784,3,0x0345f513,0x00000000,0x00000000
1772705598.864854784,4,0x02282549,0x00000000,0x00000000
1772705598.864854784,5,0x02b0049c,0x00000000,0x00000000
1772705598.864854784,6,0x026a73f1,0x00000000,0x00000000
1772705598.864854784,7,0x02abf95d,0x00000000,0x00000000
1772705600.048477413,0,0x029ac88c,0x00000000,0x0000003e
1772705600.048477413,1,0x02bb0af9,0x00000000,0x00000000
1772705600.048477413,2,0x031af375,0x00000000,0x00000000
1772705600.048477413,3,0x0345f513,0x00000000,0x00000000
1772705600.048477413,4,0x02282549,0x00000000,0x00000000
1772705600.048477413,5,0x02b09461,0x00000000,0x00000000
1772705600.048477413,6,0x026a73f1,0x00000000,0x00000000
1772705600.048477413,7,0x02abf95d,0x00000000,0x00000000
1772705601.216005552,0,0x029add18,0x00000000,0x0000003e
1772705601.216005552,1,0x02bb0af9,0x00000000,0x00000000
1772705601.216005552,2,0x031af380,0x00000000,0x00000000
1772705601.216005552,3,0x0345f513,0x00000000,0x00000000
1772705601.216005552,4,0x02287e9f,0x00000000,0x00000000
1772705601.216005552,5,0x02b0ba3b,0x00000000,0x00000000
1772705601.216005552,6,0x026a73f1,0x00000000,0x00000000
1772705601.216005552,7,0x02abf95d,0x00000000,0x00000000
1772705602.412567079,0,0x029ade12,0x00000000,0x0000003e
1772705602.412567079,1,0x02bb0b0d,0x00000000,0x00000000
1772705602.412567079,2,0x031b47ef,0x00000000,0x00000000
1772705602.412567079,3,0x0345f513,0x00000000,0x00000000
1772705602.412567079,4,0x02289f12,0x00000000,0x00000000
1772705602.412567079,5,0x02b0ba41,0x00000000,0x00000000
1772705602.412567079,6,0x026a753d,0x00000000,0x00000000
1772705602.412567079,7,0x02abf95d,0x00000000,0x00000000
1772705603.504181999,0,0x029adee6,0x00000000,0x0000003e
1772705603.504181999,1,0x02bb0b1c,0x00000000,0x00000000
1772705603.504181999,2,0x031b47ef,0x00000000,0x00000000
1772705603.504181999,3,0x0345f513,0x00000000,0x00000000
1772705603.504181999,4,0x02289f13,0x00000000,0x00000000
1772705603.504181999,5,0x02b0ba42,0x00000000,0x00000000
1772705603.504181999,6,0x026a7541,0x00000000,0x00000000
1772705603.504181999,7,0x02abf95d,0x00000000,0x00000000
1772705604.589844572,0,0x029adfc8,0x00000000,0x0000003e
1772705604.589844572,1,0x02bb0b1d,0x00000000,0x00000000
1772705604.589844572,2,0x031b47ef,0x00000000,0x00000000
1772705604.589844572,3,0x0345f518,0x00000000,0x00000000
1772705604.589844572,4,0x02289f13,0x00000000,0x00000000
1772705604.589844572,5,0x02b0ba42,0x00000000,0x00000000
1772705604.589844572,6,0x026a7541,0x00000000,0x00000000
1772705604.589844572,7,0x02abf968,0x00000000,0x00000000
1772705605.688668472,0,0x029ae0b1,0x00000000,0x0000003e
1772705605.688668472,1,0x02bb0b22,0x00000000,0x00000000
1772705605.688668472,2,0x031b47ef,0x00000000,0x00000000
1772705605.688668472,3,0x0345f518,0x00000000,0x00000000
1772705605.688668472,4,0x02289f13,0x00000000,0x00000000
1772705605.688668472,5,0x02b0ba42,0x00000000,0x00000000
1772705605.688668472,6,0x026a7541,0x00000000,0x00000000
1772705605.688668472,7,0x02abf972,0x00000000,0x00000000
1772705606.787987042,0,0x029ae18e,0x00000000,0x0000003e
1772705606.787987042,1,0x02bb0b22,0x00000000,0x00000000
1772705606.787987042,2,0x031b47ef,0x00000000,0x00000000
1772705606.787987042,3,0x0345f518,0x00000000,0x00000000
1772705606.787987042,4,0x02289f14,0x00000000,0x00000000
1772705606.787987042,5,0x02b0ba42,0x00000000,0x00000000
1772705606.787987042,6,0x026a754b,0x00000000,0x00000000
1772705606.787987042,7,0x02abf976,0x00000000,0x00000000
1772705607.890461947,0,0x029ae26b,0x00000000,0x0000003e
1772705607.890461947,1,0x02bb0b23,0x00000000,0x00000000
1772705607.890461947,2,0x031b47ef,0x00000000,0x00000000
1772705607.890461947,3,0x0345f518,0x00000000,0x00000000
1772705607.890461947,4,0x02289f14,0x00000000,0x00000000
1772705607.890461947,5,0x02b0ba42,0x00000000,0x00000000
1772705607.890461947,6,0x026a7551,0x00000000,0x00000000
1772705607.890461947,7,0x02abf976,0x00000000,0x00000000
1772705609.001903191,0,0x029ae35f,0x00000000,0x0000003e
1772705609.001903191,1,0x02bb0b23,0x00000000,0x00000000
1772705609.001903191,2,0x031b47f4,0x00000000,0x00000000
1772705609.001903191,3,0x0345f518,0x00000000,0x00000000
1772705609.001903191,4,0x02289f14,0x00000000,0x00000000
1772705609.001903191,5,0x02b0ba42,0x00000000,0x00000000
1772705609.001903191,6,0x026a7551,0x00000000,0x00000000
1772705609.001903191,7,0x02abf97c,0x00000000,0x00000000
1772705610.112659748,0,0x029ae465,0x00000000,0x0000003e
1772705610.112659748,1,0x02bb0b2c,0x00000000,0x00000000
1772705610.112659748,2,0x031b47f6,0x00000000,0x00000000
1772705610.112659748,3,0x0345f518,0x00000000,0x00000000
1772705610.112659748,4,0x02289f16,0x00000000,0x00000000
1772705610.112659748,5,0x02b0ba4c,0x00000000,0x00000000
1772705610.112659748,6,0x026a7553,0x00000000,0x00000000
1772705610.112659748,7,0x02abf97e,0x00000000,0x00000000
1772705611.227377944,0,0x029ae571,0x00000000,0x0000003e
1772705611.227377944,1,0x02bb0b31,0x00000000,0x00000000
1772705611.227377944,2,0x031b47f7,0x00000000,0x00000000
1772705611.227377944,3,0x0345f51a,0x00000000,0x00000000
1772705611.227377944,4,0x02289f19,0x00000000,0x00000000
1772705611.227377944,5,0x02b0ba5d,0x00000000,0x00000000
1772705611.227377944,6,0x026a7553,0x00000000,0x00000000
1772705611.227377944,7,0x02abf986,0x00000000,0x00000000
1772705612.342683148,0,0x029ae654,0x00000000,0x0000003e
1772705612.342683148,1,0x02bb0b36,0x00000000,0x00000000
1772705612.342683148,2,0x031b47fe,0x00000000,0x00000000
1772705612.342683148,3,0x0345f51a,0x00000000,0x00000000
1772705612.342683148,4,0x02289f1b,0x00000000,0x00000000
1772705612.342683148,5,0x02b0ba62,0x00000000,0x00000000
1772705612.342683148,6,0x026a7555,0x00000000,0x00000000
1772705612.342683148,7,0x02abf987,0x00000000,0x00000000
1772705613.457551805,0,0x029ae73b,0x00000000,0x0000003e
1772705613.457551805,1,0x02bb0b36,0x00000000,0x00000000
1772705613.457551805,2,0x031b47fe,0x00000000,0x00000000
1772705613.457551805,3,0x0345f51a,0x00000000,0x00000000
1772705613.457551805,4,0x02289f1b,0x00000000,0x00000000
1772705613.457551805,5,0x02b0ba68,0x00000000,0x00000000
1772705613.457551805,6,0x026a7555,0x00000000,0x00000000
1772705613.457551805,7,0x02abf98c,0x00000000,0x00000000
1772705614.578219972,0,0x029ae82b,0x00000000,0x0000003e
1772705614.578219972,1,0x02bb0b36,0x00000000,0x00000000
1772705614.578219972,2,0x031b47fe,0x00000000,0x00000000
1772705614.578219972,3,0x0345f51a,0x00000000,0x00000000
1772705614.578219972,4,0x02289f1b,0x00000000,0x00000000
1772705614.578219972,5,0x02b0ba68,0x00000000,0x00000000
1772705614.578219972,6,0x026a7563,0x00000000,0x00000000
1772705614.578219972,7,0x02abf98c,0x00000000,0x00000000
1772705615.771944874,0,0x029ae93b,0x00000000,0x0000003e
1772705615.771944874,1,0x02bb0b36,0x00000000,0x00000000
1772705615.771944874,2,0x031b47fe,0x00000000,0x00000000
1772705615.771944874,3,0x0345f529,0x00000000,0x00000000
1772705615.771944874,4,0x02289f1b,0x00000000,0x00000000
1772705615.771944874,5,0x02b0ba68,0x00000000,0x00000000
1772705615.771944874,6,0x026a7f70,0x00000000,0x00000000
1772705615.771944874,7,0x02abf98e,0x00000000,0x00000000
1772705616.995881223,0,0x029aea48,0x00000000,0x0000003e
1772705616.995881223,1,0x02bb0b36,0x00000000,0x00000000
1772705616.995881223,2,0x031b6251,0x00000000,0x00000000
1772705616.995881223,3,0x0346173e,0x00000000,0x00000000
1772705616.995881223,4,0x02289f1b,0x00000000,0x00000000
1772705616.995881223,5,0x02b0ba6e,0x00000000,0x00000000
1772705616.995881223,6,0x026ab456,0x00000000,0x00000000
1772705616.995881223,7,0x02ac2925,0x00000000,0x00000000
