timestamp,cpu,user,nice,system,idle,iowait,irq,softirq,steal
1772705781.574282789,cpu0,423478,3761,63102,491856,4407,0,13980,0
1772705781.574282789,cpu1,418451,4331,73392,485208,8588,0,12979,0
1772705781.574282789,cpu2,387525,3817,98269,478000,9864,0,17566,0
1772705781.574282789,cpu3,403554,3568,88644,482348,10681,0,14635,0
1772705781.574282789,cpu4,428689,3857,67856,485853,8282,0,9299,0
1772705781.574282789,cpu5,425650,4104,76156,478194,4522,0,13653,0
1772705781.574282789,cpu6,425412,3611,76351,475194,7497,0,15746,0
1772705781.574282789,cpu7,421030,3454,67730,483944,10672,0,11510,0
1772705782.595111123,cpu0,423492,3765,63146,491894,4407,0,13980,0
1772705782.595111123,cpu1,418469,4331,73405,485278,8588,0,12979,0
1772705782.595111123,cpu2,387542,3817,98305,478048,9864,0,17566,0
1772705782.595111123,cpu3,403581,3568,88688,482378,10681,0,14635,0
1772705782.595111123,cpu4,428695,3861,67865,485934,8282,0,9299,0
1772705782.595111123,cpu5,425676,4104,76198,478227,4522,0,13653,0
1772705782.595111123,cpu6,425429,3611,76392,475238,7497,0,15746,0
1772705782.595111123,cpu7,421040,3455,67739,484024,10672,0,11510,0
1772705783.599389250,cpu0,423493,3765,63150,491986,4407,0,13984,0
1772705783.599389250,cpu1,418471,4331,73407,485373,8588,0,12979,0
1772705783.599389250,cpu2,387543,3817,98376,478077,9864,0,17566,0
1772705783.599389250,cpu3,403583,3568,88692,482473,10681,0,14635,0
1772705783.599389250,cpu4,428696,3861,67869,486028,8282,0,9300,0
1772705783.599389250,cpu5,425679,4104,76200,478322,4522,0,13653,0
1772705783.599389250,cpu6,425429,3611,76423,475306,7497,0,15746,0
1772705783.599389250,cpu7,421042,3455,67742,484119,10672,0,11510,0
1772705784.604064838,cpu0,423494,3767,63154,492074,4407,0,13989,0
1772705784.604064838,cpu1,418476,4331,73424,485404,8588,0,13026,0
1772705784.604064838,cpu2,387549,3818,98437,478110,9864,0,17566,0
1772705784.604064838,cpu3,403596,3568,88779,482473,10681,0,14635,0
1772705784.604064838,cpu4,428703,3861,67931,486028,8282,0,9331,0
1772705784.604064838,cpu5,425681,4104,76208,478392,4522,0,13673,0
1772705784.604064838,cpu6,425430,3612,76425,475401,7497,0,15746,0
1772705784.604064838,cpu7,421045,3455,67744,484212,10672,0,11510,0
1772705785.609226349,cpu0,423502,3767,63184,492118,4407,0,14005,0
1772705785.609226349,cpu1,418486,4331,73434,485470,8588,0,13039,0
1772705785.609226349,cpu2,387557,3819,98442,478188,9864,0,17566,0
1772705785.609226349,cpu3,403604,3568,88814,482519,10681,0,14645,0
1772705785.609226349,cpu4,428707,3861,67969,486073,8282,0,9345,0
1772705785.609226349,cpu5,425685,4104,76224,478426,4522,0,13719,0
1772705785.609226349,cpu6,425441,3612,76481,475434,7497,0,15746,0
1772705785.609226349,cpu7,421047,3456,67753,484297,10673,0,11510,0
1772705786.614849699,cpu0,423504,3767,63189,492209,4407,0,14007,0
1772705786.614849699,cpu1,418491,4331,73449,485518,8588,0,13071,0
1772705786.614849699,cpu2,387565,3819,98443,478266,9864,0,17569,0
1772705786.614849699,cpu3,403607,3568,88825,482567,10681,0,14683,0
1772705786.614849699,cpu4,428716,3861,68031,486077,8282,0,9370,0
1772705786.614849699,cpu5,425687,4105,76227,478520,4522,0,13719,0
1772705786.614849699,cpu6,425454,3612,76569,475434,7497,0,15746,0
1772705786.614849699,cpu7,421051,3456,67755,484386,10674,0,11510,0
1772705787.620065087,cpu0,423509,3767,63208,492276,4407,0,14016,0
1772705787.620065087,cpu1,418497,4331,73473,485518,8588,0,13143,0
1772705787.620065087,cpu2,387567,3819,98445,478351,9864,0,17569,0
1772705787.620065087,cpu3,403612,3568,88832,482655,10681,0,14683,0
1772705787.620065087,cpu4,428721,3861,68079,486106,8282,0,9388,0
1772705787.620065087,cpu5,425696,4105,76229,478611,4522,0,13719,0
1772705787.620065087,cpu6,425467,3612,76657,475434,7497,0,15746,0
1772705787.620065087,cpu7,421053,3457,67760,484475,10674,0,11510,0
1772705788.624914217,cpu0,423516,3767,63217,492355,4408,0,14020,0
1772705788.624914217,cpu1,418501,4331,73479,485596,8588,0,13153,0
1772705788.624914217,cpu2,387580,3819,98459,478385,9865,0,17604,0
1772705788.624914217,cpu3,403620,3568,88845,482730,10681,0,14687,0
1772705788.624914217,cpu4,428729,3861,68140,486115,8282,0,9411,0
1772705788.624914217,cpu5,425702,4105,76238,478678,4522,0,13736,0
1772705788.624914217,cpu6,425473,3612,76692,475486,7497,0,15753,0
1772705788.624914217,cpu7,421062,3457,67808,484515,10674,0,11510,0
1772705789.629910158,cpu0,423521,3767,63218,492447,4408,0,14020,0
1772705789.629910158,cpu1,418505,4331,73498,485622,8588,0,13205,0
1772705789.629910158,cpu2,387581,3819,98468,478454,9865,0,17624,0
1772705789.629910158,cpu3,403633,3568,88929,482734,10681,0,14687,0
1772705789.629910158,cpu4,428736,3861,68208,486115,8282,0,9437,0
1772705789.629910158,cpu5,425703,4106,76240,478774,4522,0,13736,0
1772705789.629910158,cpu6,425476,3612,76695,475580,7497,0,15753,0
1772705789.629910158,cpu7,421066,3458,67813,484604,10674,0,11510,0
1772705790.633908696,cpu0,423523,3768,63220,492541,4408,0,14020,0
1772705790.633908696,cpu1,418507,4331,73508,485688,8589,0,13225,0
1772705790.633908696,cpu2,387582,3820,98472,478548,9865,0,17624,0
1772705790.633908696,cpu3,403634,3568,88931,482831,10681,0,14687,0
1772705790.633908696,cpu4,428744,3861,68273,486115,8282,0,9464,0
1772705790.633908696,cpu5,425706,4106,76258,478803,4522,0,13786,0
1772705790.633908696,cpu6,425478,3612,76699,475674,7497,0,15753,0
1772705790.633908696,cpu7,421076,3458,67903,484604,10674,0,11510,0
1772705791.638084290,cpu0,423526,3768,63221,492635,4408,0,14021,0
1772705791.638084290,cpu1,418509,4331,73514,485769,8589,0,13237,0
1772705791.638084290,cpu2,387584,3820,98474,478644,9865,0,17624,0
1772705791.638084290,cpu3,403635,3568,88932,482928,10681,0,14687,0
1772705791.638084290,cpu4,428752,3861,68337,486115,8282,0,9493,0
1772705791.638084290,cpu5,425709,4106,76279,478821,4522,0,13845,0
1772705791.638084290,cpu6,425479,3612,76702,475769,7497,0,15753,0
1772705791.638084290,cpu7,421088,3458,67992,484604,10674,0,11510,0
1772705792.641887903,cpu0,423527,3768,63223,492730,4408,0,14022,0
1772705792.641887903,cpu1,418514,4331,73537,485769,8589,0,13308,0
1772705792.641887903,cpu2,387584,3821,98477,478739,9865,0,17625,0
1772705792.641887903,cpu3,403638,3569,88933,483025,10681,0,14687,0
1772705792.641887903,cpu4,428760,3861,68402,486116,8282,0,9519,0
1772705792.641887903,cpu5,425710,4106,76280,478920,4522,0,13845,0
1772705792.641887903,cpu6,425481,3612,76705,475865,7497,0,15753,0
1772705792.641887903,cpu7,421100,3458,68079,484604,10674,0,11510,0
1772705793.645776382,cpu0,423528,3769,63224,492826,4408,0,14022,0
1772705793.645776382,cpu1,418519,4331,73560,485770,8589,0,13380,0
1772705793.645776382,cpu2,387585,3821,98486,478828,9865,0,17626,0
1772705793.645776382,cpu3,403639,3569,88935,483122,10681,0,14687,0
1772705793.645776382,cpu4,428766,3861,68463,486124,8282,0,9543,0
1772705793.645776382,cpu5,425711,4106,76281,479017,4522,0,13845,0
1772705793.645776382,cpu6,425483,3612,76708,475959,7497,0,15753,0
1772705793.645776382,cpu7,421114,3458,68165,484605,10674,0,11510,0
1772705794.649731195,cpu0,423542,3769,63228,492907,4408,0,14023,0
1772705794.649731195,cpu1,418523,4331,73579,485794,8589,0,13433,0
1772705794.649731195,cpu2,387592,3821,98507,478892,9865,0,17633,0
1772705794.649731195,cpu3,403642,3569,88936,483218,10681,0,14687,0
1772705794.649731195,cpu4,428818,3861,68466,486170,8282,0,9543,0
1772705794.649731195,cpu5,425713,4106,76288,479091,4522,0,13863,0
1772705794.649731195,cpu6,425489,3613,76755,475988,7497,0,15771,0
1772705794.649731195,cpu7,421128,3458,68252,484605,10674,0,11510,0
1772705795.653668177,cpu0,423543,3771,63232,492999,4408,0,14023,0
1772705795.653668177,cpu1,418527,4331,73605,485794,8589,0,13504,0
1772705795.653668177,cpu2,387600,3821,98572,478892,9865,0,17661,0
1772705795.653668177,cpu3,403643,3570,88938,483312,10681,0,14687,0
1772705795.653668177,cpu4,428820,3862,68471,486263,8282,0,9543,0
1772705795.653668177,cpu5,425714,4107,76290,479187,4522,0,13863,0
1772705795.653668177,cpu6,425489,3614,76758,476083,7497,0,15771,0
1772705795.653668177,cpu7,421141,3458,68340,484605,10674,0,11510,0
1772705796.658246855,cpu0,423543,3772,63236,493092,4408,0,14024,0
1772705796.658246855,cpu1,418529,4331,73618,485872,8590,0,13509,0
1772705796.658246855,cpu2,387602,3821,98579,478981,9865,0,17663,0
1772705796.658246855,cpu3,403645,3570,88941,483408,10681,0,14687,0
1772705796.658246855,cpu4,428821,3862,68474,486358,8282,0,9543,0
1772705796.658246855,cpu5,425720,4107,76342,479208,4522,0,13885,0
1772705796.658246855,cpu6,425494,3614,76783,476086,7497,0,15839,0
1772705796.658246855,cpu7,421153,3458,68428,484605,10674,0,11510,0
1772705797.662135238,cpu0,423545,3772,63238,493187,4408,0,14025,0
1772705797.662135238,cpu1,418532,4331,73620,485969,8590,0,13509,0
1772705797.662135238,cpu2,387607,3821,98604,478986,9865,0,17728,0
1772705797.662135238,cpu3,403647,3571,88942,483506,10681,0,14687,0
1772705797.662135238,cpu4,428822,3863,68478,486453,8282,0,9543,0
1772705797.662135238,cpu5,425728,4107,76407,479208,4522,0,13912,0
1772705797.662135238,cpu6,425494,3614,76785,476180,7497,0,15842,0
1772705797.662135238,cpu7,421166,3458,68515,484605,10674,0,11510,0
1772705798.665876830,cpu0,423546,3772,63240,493281,4408,0,14026,0
1772705798.665876830,cpu1,418536,4331,73660,486007,8590,0,13526,0
1772705798.665876830,cpu2,387611,3821,98627,478986,9865,0,17801,0
1772705798.665876830,cpu3,403649,3571,88943,483603,10681,0,14687,0
1772705798.665876830,cpu4,428823,3863,68481,486549,8282,0,9543,0
1772705798.665876830,cpu5,425732,4107,76432,479268,4522,0,13922,0
1772705798.665876830,cpu6,425495,3614,76786,476278,7497,0,15842,0
1772705798.665876830,cpu7,421179,3458,68603,484605,10674,0,11510,0
1772705799.669654375,cpu0,423547,3772,63243,493375,4408,0,14027,0
1772705799.669654375,cpu1,418545,4331,73727,486007,8590,0,13551,0
1772705799.669654375,cpu2,387614,3821,98640,479033,9865,0,17838,0
1772705799.669654375,cpu3,403652,3571,88944,483699,10681,0,14687,0
1772705799.669654375,cpu4,428823,3863,68483,486645,8282,0,9543,0
1772705799.669654375,cpu5,425733,4107,76434,479367,4522,0,13922,0
1772705799.669654375,cpu6,425498,3615,76797,476329,7497,0,15878,0
1772705799.669654375,cpu7,421194,3458,68688,484605,10674,0,11510,0
1772705800.674221613,cpu0,423548,3773,63245,493471,4408,0,14028,0
1772705800.674221613,cpu1,418551,4331,73792,486007,8590,0,13579,0
1772705800.674221613,cpu2,387615,3821,98641,479132,9865,0,17838,0
1772705800.674221613,cpu3,403654,3571,88945,483796,10681,0,14687,0
1772705800.674221613,cpu4,428824,3863,68491,486736,8282,0,9543,0
1772705800.674221613,cpu5,425733,4107,76434,479465,4522,0,13922,0
1772705800.674221613,cpu6,425503,3615,76823,476329,7497,0,15947,0
1772705800.674221613,cpu7,421206,3458,68777,484605,10674,0,11510,0
1772705801.679152413,cpu0,423552,3773,63264,493547,4408,0,14028,0
1772705801.679152413,cpu1,418556,4331,73821,486062,8590,0,13592,0
1772705801.679152413,cpu2,387616,3821,98643,479230,9865,0,17838,0
1772705801.679152413,cpu3,403656,3571,88946,483892,10681,0,14687,0
1772705801.679152413,cpu4,428830,3863,68542,486779,8283,0,9543,0
1772705801.679152413,cpu5,425739,4107,76470,479509,4522,0,13938,0
1772705801.679152413,cpu6,425505,3615,76829,476402,7497,0,15966,0
1772705801.679152413,cpu7,421213,3458,68817,484605,10674,0,11564,0
1772705802.683049335,cpu0,423554,3773,63269,493639,4408,0,14028,0
1772705802.683049335,cpu1,418558,4331,73822,486158,8590,0,13592,0
1772705802.683049335,cpu2,387617,3821,98645,479327,9865,0,17838,0
1772705802.683049335,cpu3,403658,3571,88947,483989,10681,0,14687,0
1772705802.683049335,cpu4,428843,3863,68625,486783,8283,0,9543,0
1772705802.683049335,cpu5,425747,4107,76534,479509,4522,0,13966,0
1772705802.683049335,cpu6,425506,3615,76832,476499,7497,0,15966,0
1772705802.683049335,cpu7,421218,3458,68839,484605,10674,0,11636,0
1772705803.687325177,cpu0,423558,3774,63297,493705,4408,0,14028,0
1772705803.687325177,cpu1,418564,4331,73871,486181,8590,0,13614,0
1772705803.687325177,cpu2,387618,3822,98648,479423,9865,0,17838,0
1772705803.687325177,cpu3,403662,3571,88948,484084,10681,0,14687,0
1772705803.687325177,cpu4,428851,3863,68686,486815,8283,0,9543,0
1772705803.687325177,cpu5,425749,4107,76551,479586,4522,0,13971,0
1772705803.687325177,cpu6,425507,3615,76835,476595,7497,0,15966,0
1772705803.687325177,cpu7,421225,3458,68864,484605,10674,0,11706,0
1772705804.691209961,cpu0,423564,3774,63333,493761,4408,0,14029,0
1772705804.691209961,cpu1,418566,4331,73884,486261,8590,0,13619,0
1772705804.691209961,cpu2,387619,3822,98651,479519,9865,0,17838,0
1772705804.691209961,cpu3,403664,3571,88950,484180,10681,0,14687,0
1772705804.691209961,cpu4,428859,3863,68738,486856,8283,0,9543,0
1772705804.691209961,cpu5,425756,4107,76604,479604,4522,0,13993,0
1772705804.691209961,cpu6,425508,3615,76837,476691,7497,0,15966,0
1772705804.691209961,cpu7,421230,3458,68885,484605,10674,0,11780,0
1772705805.695408151,cpu0,423578,3774,63419,493761,4408,0,14029,0
1772705805.695408151,cpu1,418566,4332,73885,486360,8590,0,13619,0
1772705805.695408151,cpu2,387621,3824,98655,479610,9865,0,17838,0
1772705805.695408151,cpu3,403666,3572,88952,484276,10681,0,14687,0
1772705805.695408151,cpu4,428859,3864,68739,486954,8283,0,9543,0
1772705805.695408151,cpu5,425764,4107,76670,479604,4522,0,14019,0
1772705805.695408151,cpu6,425509,3617,76841,476785,7497,0,15966,0
1772705805.695408151,cpu7,421234,3458,68908,484605,10674,0,11852,0
1772705806.700222408,cpu0,423586,3774,63474,493799,4408,0,14029,0
1772705806.700222408,cpu1,418569,4332,73886,486455,8590,0,13619,0
1772705806.700222408,cpu2,387622,3824,98658,479704,9865,0,17838,0
1772705806.700222408,cpu3,403667,3572,88953,484374,10681,0,14687,0
1772705806.700222408,cpu4,428865,3864,68774,487014,8283,0,9543,0
1772705806.700222408,cpu5,425773,4107,76733,479604,4522,0,14049,0
1772705806.700222408,cpu6,425510,3618,76844,476880,7498,0,15966,0
1772705806.700222408,cpu7,421240,3458,68931,484605,10674,0,11924,0
1772705807.705103483,cpu0,423594,3774,63534,493831,4408,0,14029,0
1772705807.705103483,cpu1,418572,4332,73887,486552,8590,0,13619,0
1772705807.705103483,cpu2,387623,3824,98661,479800,9865,0,17838,0
1772705807.705103483,cpu3,403670,3572,88973,484392,10681,0,14746,0
1772705807.705103483,cpu4,428872,3864,68803,487080,8283,0,9543,0
1772705807.705103483,cpu5,425781,4107,76799,479604,4522,0,14074,0
1772705807.705103483,cpu6,425510,3618,76847,476975,7498,0,15966,0
1772705807.705103483,cpu7,421242,3458,68936,484685,10674,0,11937,0
1772705808.709972137,cpu0,423597,3774,63545,493917,4408,0,14029,0
1772705808.709972137,cpu1,418573,4332,73887,486649,8590,0,13619,0
1772705808.709972137,cpu2,387625,3824,98663,479897,9865,0,17838,0
1772705808.709972137,cpu3,403676,3572,88997,484392,10681,0,14816,0
1772705808.709972137,cpu4,428883,3864,68880,487092,8283,0,9543,0
1772705808.709972137,cpu5,425789,4107,76864,479604,4522,0,14103,0
1772705808.709972137,cpu6,425511,3618,76849,477072,7498,0,15966,0
1772705808.709972137,cpu7,421243,3458,68937,484782,10674,0,11937,0
1772705809.714863315,cpu0,423597,3774,63546,494015,4408,0,14029,0
1772705809.714863315,cpu1,418576,4333,73888,486746,8590,0,13619,0
1772705809.714863315,cpu2,387626,3825,98666,479992,9865,0,17838,0
1772705809.714863315,cpu3,403678,3572,89008,484444,10681,0,14852,0
1772705809.714863315,cpu4,428897,3864,68967,487092,8283,0,9543,0
1772705809.714863315,cpu5,425797,4107,76929,479604,4522,0,14130,0
1772705809.714863315,cpu6,425512,3619,76851,477168,7498,0,15966,0
1772705809.714863315,cpu7,421245,3458,68951,484829,10674,0,11974,0
1772705810.719720911,cpu0,423599,3774,63559,494101,4408,0,14029,0
1772705810.719720911,cpu1,418578,4333,73890,486843,8590,0,13619,0
1772705810.719720911,cpu2,387627,3825,98668,480088,9865,0,17838,0
1772705810.719720911,cpu3,403678,3572,89008,484543,10681,0,14852,0
1772705810.719720911,cpu4,428908,3864,69045,487104,8283,0,9543,0
1772705810.719720911,cpu5,425805,4107,76994,479604,4522,0,14157,0
1772705810.719720911,cpu6,425513,3620,76854,477264,7498,0,15966,0
1772705810.719720911,cpu7,421251,3458,68975,484829,10674,0,12045,0
1772705811.724577816,cpu0,423601,3774,63565,494192,4409,0,14029,0
1772705811.724577816,cpu1,418579,4333,73891,486941,8590,0,13619,0
1772705811.724577816,cpu2,387630,3826,98671,480182,9865,0,17838,0
1772705811.724577816,cpu3,403680,3572,89016,484616,10681,0,14870,0
1772705811.724577816,cpu4,428919,3864,69128,487109,8283,0,9543,0
1772705811.724577816,cpu5,425814,4107,77059,479604,4522,0,14183,0
1772705811.724577816,cpu6,425514,3620,76857,477359,7498,0,15966,0
1772705811.724577816,cpu7,421255,3458,68992,484853,10674,0,12099,0
1772705812.729484220,cpu0,423606,3774,63583,494268,4409,0,14029,0
1772705812.729484220,cpu1,418580,4333,73892,487039,8590,0,13619,0
1772705812.729484220,cpu2,387630,3827,98674,480278,9865,0,17838,0
1772705812.729484220,cpu3,403681,3572,89017,484715,10681,0,14870,0
1772705812.729484220,cpu4,428931,3864,69196,487130,8283,0,9543,0
1772705812.729484220,cpu5,425823,4107,77125,479604,4522,0,14210,0
1772705812.729484220,cpu6,425514,3620,76861,477454,7498,0,15966,0
1772705812.729484220,cpu7,421260,3458,69015,484853,10674,0,12172,0
1772705813.734364463,cpu0,423611,3774,63616,494330,4409,0,14029,0
1772705813.734364463,cpu1,418581,4333,73894,487135,8590,0,13619,0
1772705813.734364463,cpu2,387632,3827,98677,480372,9865,0,17838,0
1772705813.734364463,cpu3,403684,3572,89034,484750,10681,0,14913,0
1772705813.734364463,cpu4,428940,3864,69252,487166,8283,0,9543,0
1772705813.734364463,cpu5,425832,4107,77190,479604,4522,0,14237,0
1772705813.734364463,cpu6,425515,3621,76864,477550,7498,0,15966,0
1772705813.734364463,cpu7,421263,3458,69024,484916,10674,0,12198,0
1772705814.739193416,cpu0,423611,3774,63618,494425,4409,0,14030,0
1772705814.739193416,cpu1,418582,4333,73895,487233,8590,0,13619,0
1772705814.739193416,cpu2,387633,3828,98680,480468,9865,0,17839,0
1772705814.739193416,cpu3,403688,3572,89055,484769,10681,0,14969,0
1772705814.739193416,cpu4,428954,3864,69337,487167,8283,0,9543,0
1772705814.739193416,cpu5,425838,4107,77258,479604,4522,0,14262,0
1772705814.739193416,cpu6,425517,3621,76867,477645,7498,0,15966,0
1772705814.739193416,cpu7,421264,3459,69030,484995,10674,0,12211,0
1772705815.744018943,cpu0,423612,3774,63619,494522,4409,0,14031,0
1772705815.744018943,cpu1,418583,4333,73897,487331,8590,0,13619,0
1772705815.744018943,cpu2,387634,3828,98683,480564,9865,0,17839,0
1772705815.744018943,cpu3,403690,3572,89060,484854,10681,0,14979,0
1772705815.744018943,cpu4,428965,3864,69427,487167,8283,0,9543,0
1772705815.744018943,cpu5,425847,4107,77321,479604,4522,0,14291,0
1772705815.744018943,cpu6,425519,3621,76870,477740,7498,0,15966,0
1772705815.744018943,cpu7,421269,3459,69053,485009,10674,0,12269,0
1772705816.748926732,cpu0,423613,3774,63622,494618,4409,0,14031,0
1772705816.748926732,cpu1,418584,4334,73899,487426,8590,0,13619,0
1772705816.748926732,cpu2,387634,3831,98687,480655,9865,0,17839,0
1772705816.748926732,cpu3,403692,3572,89061,484949,10682,0,14979,0
1772705816.748926732,cpu4,428977,3864,69515,487167,8283,0,9543,0
1772705816.748926732,cpu5,425855,4107,77387,479604,4522,0,14318,0
1772705816.748926732,cpu6,425520,3623,76874,477832,7498,0,15966,0
1772705816.748926732,cpu7,421274,3459,69075,485009,10674,0,12342,0
1772705817.753127035,cpu0,423615,3774,63623,494713,4409,0,14032,0
1772705817.753127035,cpu1,418585,4334,73900,487523,8590,0,13619,0
1772705817.753127035,cpu2,387636,3831,98691,480749,9865,0,17839,0
1772705817.753127035,cpu3,403693,3572,89064,485047,10682,0,14979,0
1772705817.753127035,cpu4,428989,3864,69603,487167,8283,0,9543,0
1772705817.753127035,cpu5,425864,4107,77451,479604,4522,0,14345,0
1772705817.753127035,cpu6,425522,3623,76876,477929,7498,0,15966,0
1772705817.753127035,cpu7,421279,3459,69098,485009,10674,0,12415,0
1772705818.757863680,cpu0,423634,3774,63625,494791,4409,0,14032,0
1772705818.757863680,cpu1,418601,4335,73902,487603,8590,0,13620,0
1772705818.757863680,cpu2,387654,3831,98707,480774,9865,0,17880,0
1772705818.757863680,cpu3,403712,3572,89066,485126,10682,0,14979,0
1772705818.757863680,cpu4,429001,3864,69692,487167,8283,0,9543,0
1772705818.757863680,cpu5,425871,4107,77516,479604,4522,0,14373,0
1772705818.757863680,cpu6,425540,3623,76878,478009,7498,0,15966,0
1772705818.757863680,cpu7,421288,3459,69108,485062,10674,0,12443,0
1772705819.763119030,cpu0,423636,3775,63626,494886,4409,0,14032,0
1772705819.763119030,cpu1,418603,4335,73904,487700,8590,0,13621,0
1772705819.763119030,cpu2,387659,3831,98733,480774,9865,0,17949,0
1772705819.763119030,cpu3,403713,3573,89069,485221,10682,0,14979,0
1772705819.763119030,cpu4,429014,3864,69779,487167,8283,0,9543,0
1772705819.763119030,cpu5,425880,4107,77578,479604,4522,0,14402,0
1772705819.763119030,cpu6,425545,3624,76879,478102,7498,0,15966,0
1772705819.763119030,cpu7,421290,3459,69112,485157,10674,0,12443,0
1772705820.768207693,cpu0,423640,3775,63649,494959,4409,0,14032,0
1772705820.768207693,cpu1,418613,4335,73962,487711,8590,0,13643,0
1772705820.768207693,cpu2,387660,3831,98736,480867,9865,0,17953,0
1772705820.768207693,cpu3,403716,3573,89072,485314,10682,0,14979,0
1772705820.768207693,cpu4,429025,3864,69845,487191,8283,0,9543,0
1772705820.768207693,cpu5,425882,4107,77587,479691,4522,0,14405,0
1772705820.768207693,cpu6,425550,3624,76902,478107,7498,0,16033,0
1772705820.768207693,cpu7,421292,3459,69114,485253,10674,0,12443,0
1772705821.773200280,cpu0,423648,3775,63693,495005,4409,0,14032,0
1772705821.773200280,cpu1,418616,4335,73994,487764,8590,0,13655,0
1772705821.773200280,cpu2,387664,3831,98755,480881,9865,0,18017,0
1772705821.773200280,cpu3,403718,3574,89076,485405,10685,0,14979,0
1772705821.773200280,cpu4,429031,3864,69887,487241,8283,0,9543,0
1772705821.773200280,cpu5,425887,4107,77623,479735,4522,0,14420,0
1772705821.773200280,cpu6,425553,3624,76907,478191,7498,0,16043,0
1772705821.773200280,cpu7,421294,3459,69118,485347,10674,0,12443,0
1772705822.777937787,cpu0,423657,3776,63745,495045,4409,0,14032,0
1772705822.777937787,cpu1,418618,4335,73994,487862,8590,0,13655,0
1772705822.777937787,cpu2,387666,3831,98759,480963,9865,0,18028,0
1772705822.777937787,cpu3,403719,3574,89078,485501,10685,0,14979,0
1772705822.777937787,cpu4,429038,3864,69922,487299,8283,0,9543,0
1772705822.777937787,cpu5,425895,4107,77689,479735,4522,0,14447,0
1772705822.777937787,cpu6,425558,3624,76927,478206,7498,0,16102,0
1772705822.777937787,cpu7,421295,3459,69121,485444,10674,0,12443,0
1772705823.783000646,cpu0,423663,3776,63782,495101,4409,0,14032,0
1772705823.783000646,cpu1,418619,4335,73994,487960,8590,0,13655,0
1772705823.783000646,cpu2,387668,3831,98759,481061,9865,0,18028,0
1772705823.783000646,cpu3,403719,3575,89080,485598,10685,0,14979,0
1772705823.783000646,cpu4,429045,3864,69973,487342,8283,0,9543,0
1772705823.783000646,cpu5,425902,4107,77754,479735,4522,0,14476,0
1772705823.783000646,cpu6,425564,3624,76953,478206,7498,0,16171,0
1772705823.783000646,cpu7,421296,3459,69122,485542,10674,0,12443,0
1772705824.788421044,cpu0,423666,3776,63793,495187,4409,0,14032,0
1772705824.788421044,cpu1,418622,4335,74023,488016,8590,0,13667,0
1772705824.788421044,cpu2,387672,3831,98769,481116,9865,0,18060,0
1772705824.788421044,cpu3,403720,3575,89082,485695,10685,0,14979,0
1772705824.788421044,cpu4,429056,3864,70050,487354,8283,0,9543,0
1772705824.788421044,cpu5,425907,4107,77792,479777,4522,0,14492,0
1772705824.788421044,cpu6,425567,3624,76967,478250,7498,0,16210,0
1772705824.788421044,cpu7,421296,3459,69124,485639,10674,0,12443,0
1772705825.793168218,cpu0,423666,3776,63795,495282,4409,0,14033,0
1772705825.793168218,cpu1,418628,4335,74080,488032,8590,0,13689,0
1772705825.793168218,cpu2,387672,3831,98770,481214,9865,0,18060,0
1772705825.793168218,cpu3,403721,3575,89085,485791,10685,0,14979,0
1772705825.793168218,cpu4,429069,3864,70138,487354,8283,0,9543,0
1772705825.793168218,cpu5,425910,4107,77804,479858,4522,0,14496,0
1772705825.793168218,cpu6,425573,3624,76993,478250,7498,0,16278,0
1772705825.793168218,cpu7,421300,3459,69127,485732,10674,0,12443,0
1772705826.798950012,cpu0,423668,3776,63796,495377,4410,0,14033,0
1772705826.798950012,cpu1,418634,4335,74139,488041,8590,0,13714,0
1772705826.798950012,cpu2,387673,3831,98772,481312,9865,0,18060,0
1772705826.798950012,cpu3,403722,3578,89090,485883,10685,0,14979,0
1772705826.798950012,cpu4,429081,3864,70226,487354,8283,0,9543,0
1772705826.798950012,cpu5,425912,4107,77812,479945,4522,0,14499,0
1772705826.798950012,cpu6,425578,3624,77019,478250,7498,0,16348,0
1772705826.798950012,cpu7,421301,3460,69133,485824,10674,0,12443,0
1772705827.803782723,cpu0,423669,3776,63797,495474,4410,0,14034,0
1772705827.803782723,cpu1,418643,4335,74205,488041,8590,0,13739,0
1772705827.803782723,cpu2,387674,3831,98772,481410,9865,0,18060,0
1772705827.803782723,cpu3,403723,3578,89093,485979,10685,0,14979,0
1772705827.803782723,cpu4,429093,3864,70315,487354,8283,0,9543,0
1772705827.803782723,cpu5,425914,4107,77813,480042,4522,0,14499,0
1772705827.803782723,cpu6,425583,3624,77046,478250,7498,0,16416,0
1772705827.803782723,cpu7,421302,3460,69136,485920,10674,0,12443,0
1772705828.809084838,cpu0,423671,3776,63813,495555,4410,0,14034,0
1772705828.809084838,cpu1,418644,4335,74207,488139,8590,0,13740,0
1772705828.809084838,cpu2,387678,3831,98772,481506,9865,0,18060,0
1772705828.809084838,cpu3,403724,3578,89095,486075,10685,0,14979,0
1772705828.809084838,cpu4,429104,3864,70388,487370,8283,0,9543,0
1772705828.809084838,cpu5,425922,4107,77879,480043,4522,0,14524,0
1772705828.809084838,cpu6,425589,3624,77070,478250,7498,0,16487,0
1772705828.809084838,cpu7,421303,3460,69139,486015,10674,0,12443,0
1772705829.814326333,cpu0,423681,3776,63873,495585,4410,0,14034,0
1772705829.814326333,cpu1,418646,4335,74208,488236,8590,0,13740,0
1772705829.814326333,cpu2,387680,3832,98773,481603,9865,0,18060,0
1772705829.814326333,cpu3,403726,3579,89097,486170,10685,0,14979,0
1772705829.814326333,cpu4,429108,3865,70417,487437,8283,0,9543,0
1772705829.814326333,cpu5,425931,4107,77944,480043,4522,0,14551,0
1772705829.814326333,cpu6,425594,3624,77093,478250,7498,0,16560,0
1772705829.814326333,cpu7,421304,3461,69142,486112,10674,0,12443,0
1772705830.819457989,cpu0,423689,3776,63909,495641,4410,0,14034,0
1772705830.819457989,cpu1,418646,4335,74210,488334,8590,0,13740,0
1772705830.819457989,cpu2,387682,3833,98774,481700,9865,0,18060,0
1772705830.819457989,cpu3,403727,3579,89101,486265,10685,0,14979,0
1772705830.819457989,cpu4,429117,3865,70465,487480,8283,0,9543,0
1772705830.819457989,cpu5,425939,4107,78010,480043,4522,0,14577,0
1772705830.819457989,cpu6,425599,3624,77116,478250,7498,0,16632,0
1772705830.819457989,cpu7,421306,3461,69144,486208,10674,0,12443,0
1772705831.824818594,cpu0,423692,3777,63923,495723,4410,0,14035,0
1772705831.824818594,cpu1,418650,4335,74229,488402,8590,0,13748,0
1772705831.824818594,cpu2,387687,3833,98781,481768,9865,0,18079,0
1772705831.824818594,cpu3,403729,3580,89104,486359,10685,0,14979,0
1772705831.824818594,cpu4,429128,3865,70542,487491,8283,0,9543,0
1772705831.824818594,cpu5,425944,4107,78057,480072,4522,0,14597,0
1772705831.824818594,cpu6,425604,3624,77133,478278,7498,0,16682,0
1772705831.824818594,cpu7,421307,3461,69146,486304,10675,0,12443,0
1772705832.830129396,cpu0,423692,3777,63924,495819,4410,0,14036,0
1772705832.830129396,cpu1,418659,4335,74296,488402,8590,0,13773,0
1772705832.830129396,cpu2,387689,3833,98782,481866,9865,0,18079,0
1772705832.830129396,cpu3,403732,3580,89119,486426,10685,0,14994,0
1772705832.830129396,cpu4,429142,3865,70629,487491,8283,0,9543,0
1772705832.830129396,cpu5,425945,4107,78058,480170,4522,0,14597,0
1772705832.830129396,cpu6,425608,3624,77151,478300,7498,0,16739,0
1772705832.830129396,cpu7,421307,3461,69149,486400,10675,0,12443,0
1772705833.834348396,cpu0,423693,3778,63926,495914,4410,0,14037,0
1772705833.834348396,cpu1,418660,4335,74304,488489,8590,0,13777,0
1772705833.834348396,cpu2,387693,3833,98801,481896,9865,0,18127,0
1772705833.834348396,cpu3,403734,3580,89125,486515,10685,0,14997,0
1772705833.834348396,cpu4,429155,3865,70716,487492,8283,0,9543,0
1772705833.834348396,cpu5,425952,4108,78118,480180,4522,0,14620,0
1772705833.834348396,cpu6,425608,3624,77152,478398,7498,0,16739,0
1772705833.834348396,cpu7,421309,3461,69157,486472,10675,0,12461,0
1772705834.838954746,cpu0,423698,3778,63950,495985,4410,0,14037,0
1772705834.838954746,cpu1,418665,4335,74320,488562,8590,0,13783,0
1772705834.838954746,cpu2,387699,3833,98826,481896,9865,0,18197,0
1772705834.838954746,cpu3,403736,3580,89129,486610,10685,0,14997,0
1772705834.838954746,cpu4,429166,3865,70779,487518,8283,0,9543,0
1772705834.838954746,cpu5,425958,4108,78168,480204,4522,0,14640,0
1772705834.838954746,cpu6,425609,3624,77153,478497,7498,0,16739,0
1772705834.838954746,cpu7,421310,3461,69161,486569,10675,0,12461,0
1772705835.843458934,cpu0,423702,3779,63972,496056,4410,0,14037,0
1772705835.843458934,cpu1,418672,4335,74387,488562,8590,0,13809,0
1772705835.843458934,cpu2,387703,3833,98840,481934,9865,0,18241,0
1772705835.843458934,cpu3,403738,3580,89132,486705,10685,0,14997,0
1772705835.843458934,cpu4,429176,3865,70844,487543,8283,0,9543,0
1772705835.843458934,cpu5,425959,4108,78169,480303,4522,0,14640,0
1772705835.843458934,cpu6,425610,3624,77162,478557,7498,0,16767,0
1772705835.843458934,cpu7,421311,3461,69164,486665,10675,0,12461,0
1772705836.847868972,cpu0,423704,3780,63974,496148,4412,0,14038,0
1772705836.847868972,cpu1,418680,4335,74454,488562,8590,0,13834,0
1772705836.847868972,cpu2,387703,3833,98841,482031,9865,0,18241,0
1772705836.847868972,cpu3,403740,3581,89135,486799,10685,0,14997,0
1772705836.847868972,cpu4,429188,3865,70933,487543,8283,0,9543,0
1772705836.847868972,cpu5,425960,4108,78169,480401,4522,0,14640,0
1772705836.847868972,cpu6,425616,3624,77186,478557,7498,0,16838,0
1772705836.847868972,cpu7,421312,3461,69167,486760,10675,0,12461,0
1772705837.852256608,cpu0,423705,3781,63978,496242,4412,0,14038,0
1772705837.852256608,cpu1,418688,4335,74521,488562,8590,0,13860,0
1772705837.852256608,cpu2,387705,3835,98843,482126,9865,0,18241,0
1772705837.852256608,cpu3,403742,3581,89138,486893,10685,0,14997,0
1772705837.852256608,cpu4,429201,3865,71020,487543,8283,0,9543,0
1772705837.852256608,cpu5,425961,4109,78172,480495,4522,0,14640,0
1772705837.852256608,cpu6,425622,3624,77210,478557,7498,0,16909,0
1772705837.852256608,cpu7,421313,3463,69171,486853,10675,0,12461,0
1772705838.856601989,cpu0,423706,3781,63980,496337,4412,0,14038,0
1772705838.856601989,cpu1,418693,4335,74578,488578,8590,0,13882,0
1772705838.856601989,cpu2,387707,3835,98843,482223,9865,0,18241,0
1772705838.856601989,cpu3,403743,3582,89142,486988,10685,0,14997,0
1772705838.856601989,cpu4,429214,3865,71108,487543,8283,0,9543,0
1772705838.856601989,cpu5,425964,4110,78185,480575,4522,0,14645,0
1772705838.856601989,cpu6,425627,3624,77235,478557,7498,0,16979,0
1772705838.856601989,cpu7,421314,3463,69173,486949,10675,0,12461,0
1772705839.860793602,cpu0,423711,3781,63986,496424,4413,0,14039,0
1772705839.860793602,cpu1,418695,4335,74579,488676,8590,0,13882,0
1772705839.860793602,cpu2,387708,3835,98844,482320,9865,0,18241,0
1772705839.860793602,cpu3,403749,3582,89145,487078,10685,0,14997,0
1772705839.860793602,cpu4,429228,3865,71189,487548,8283,0,9543,0
1772705839.860793602,cpu5,425972,4110,78249,480575,4522,0,14673,0
1772705839.860793602,cpu6,425632,3624,77261,478557,7498,0,17048,0
1772705839.860793602,cpu7,421317,3463,69175,487043,10675,0,12461,0
1772705840.865613418,cpu0,423713,3781,63990,496518,4413,0,14039,0
1772705840.865613418,cpu1,418695,4335,74580,488774,8590,0,13882,0
1772705840.865613418,cpu2,387713,3835,98867,482325,9865,0,18309,0
1772705840.865613418,cpu3,403750,3583,89147,487174,10685,0,14997,0
1772705840.865613418,cpu4,429239,3865,71275,487551,8283,0,9543,0
1772705840.865613418,cpu5,425980,4110,78314,480575,4522,0,14700,0
1772705840.865613418,cpu6,425635,3624,77263,478650,7498,0,17052,0
1772705840.865613418,cpu7,421318,3463,69178,487139,10675,0,12461,0
1772705841.870141830,cpu0,423714,3781,63992,496612,4414,0,14039,0
1772705841.870141830,cpu1,418696,4335,74582,488871,8590,0,13882,0
1772705841.870141830,cpu2,387713,3835,98871,482417,9865,0,18314,0
1772705841.870141830,cpu3,403751,3583,89150,487268,10685,0,14997,0
1772705841.870141830,cpu4,429254,3865,71360,487551,8283,0,9543,0
1772705841.870141830,cpu5,425990,4110,78379,480575,4522,0,14726,0
1772705841.870141830,cpu6,425640,3624,77285,478656,7498,0,17119,0
1772705841.870141830,cpu7,421322,3463,69181,487232,10675,0,12461,0
1772705842.874486408,cpu0,423715,3782,63994,496709,4414,0,14039,0
1772705842.874486408,cpu1,418697,4335,74583,488969,8590,0,13882,0
1772705842.874486408,cpu2,387714,3835,98871,482515,9865,0,18314,0
1772705842.874486408,cpu3,403751,3584,89153,487364,10685,0,14997,0
1772705842.874486408,cpu4,429268,3865,71446,487551,8283,0,9543,0
1772705842.874486408,cpu5,425998,4110,78443,480575,4522,0,14755,0
1772705842.874486408,cpu6,425645,3624,77309,478656,7498,0,17190,0
1772705842.874486408,cpu7,421325,3463,69184,487327,10675,0,12461,0
1772705843.878562199,cpu0,423716,3782,63995,496805,4414,0,14040,0
1772705843.878562199,cpu1,418698,4335,74584,489067,8590,0,13882,0
1772705843.878562199,cpu2,387714,3835,98872,482614,9865,0,18314,0
1772705843.878562199,cpu3,403753,3584,89156,487460,10685,0,14997,0
1772705843.878562199,cpu4,429281,3865,71534,487551,8283,0,9543,0
1772705843.878562199,cpu5,426006,4110,78510,480575,4522,0,14780,0
1772705843.878562199,cpu6,425650,3624,77332,478656,7498,0,17262,0
1772705843.878562199,cpu7,421327,3463,69186,487421,10675,0,12461,0
1772705844.882772524,cpu0,423724,3783,64038,496854,4414,0,14040,0
1772705844.882772524,cpu1,418699,4335,74587,489161,8590,0,13884,0
1772705844.882772524,cpu2,387718,3836,98876,482694,9865,0,18326,0
1772705844.882772524,cpu3,403753,3584,89159,487556,10685,0,14997,0
1772705844.882772524,cpu4,429287,3865,71580,487599,8283,0,9543,0
1772705844.882772524,cpu5,426014,4110,78574,480579,4522,0,14805,0
1772705844.882772524,cpu6,425655,3624,77353,478673,7498,0,17320,0
1772705844.882772524,cpu7,421329,3463,69189,487517,10675,0,12461,0
1772705845.886930216,cpu0,423727,3783,64048,496940,4414,0,14041,0
1772705845.886930216,cpu1,418700,4335,74590,489257,8590,0,13884,0
1772705845.886930216,cpu2,387723,3836,98899,482694,9865,0,18398,0
1772705845.886930216,cpu3,403754,3585,89161,487652,10685,0,14997,0
1772705845.886930216,cpu4,429299,3865,71657,487611,8283,0,9543,0
1772705845.886930216,cpu5,426022,4110,78638,480581,4522,0,14831,0
1772705845.886930216,cpu6,425657,3624,77354,478771,7498,0,17320,0
1772705845.886930216,cpu7,421330,3463,69190,487613,10675,0,12461,0
1772705846.892982366,cpu0,423731,3783,64071,497013,4414,0,14041,0
1772705846.892982366,cpu1,418701,4335,74591,489356,8590,0,13884,0
1772705846.892982366,cpu2,387726,3836,98919,482720,9865,0,18450,0
1772705846.892982366,cpu3,403756,3585,89163,487749,10685,0,14997,0
1772705846.892982366,cpu4,429311,3865,71720,487636,8283,0,9543,0
1772705846.892982366,cpu5,426031,4110,78705,480581,4522,0,14856,0
1772705846.892982366,cpu6,425658,3624,77361,478844,7498,0,17338,0
1772705846.892982366,cpu7,421333,3463,69192,487709,10675,0,12461,0
1772705847.899441908,cpu0,423731,3783,64073,497109,4414,0,14041,0
1772705847.899441908,cpu1,418702,4335,74592,489454,8590,0,13884,0
1772705847.899441908,cpu2,387732,3836,98940,482723,9865,0,18520,0
1772705847.899441908,cpu3,403757,3586,89165,487844,10686,0,14997,0
1772705847.899441908,cpu4,429326,3865,71806,487636,8283,0,9543,0
1772705847.899441908,cpu5,426040,4110,78767,480581,4522,0,14885,0
1772705847.899441908,cpu6,425659,3624,77363,478939,7498,0,17341,0
1772705847.899441908,cpu7,421335,3464,69195,487804,10675,0,12461,0
1772705848.903911079,cpu0,423736,3783,64100,497177,4414,0,14041,0
1772705848.903911079,cpu1,418702,4336,74594,489550,8590,0,13884,0
1772705848.903911079,cpu2,387738,3836,98965,482723,9865,0,18590,0
1772705848.903911079,cpu3,403757,3590,89170,487934,10686,0,14997,0
1772705848.903911079,cpu4,429334,3866,71869,487665,8283,0,9543,0
1772705848.903911079,cpu5,426047,4110,78834,480581,4522,0,14911,0
1772705848.903911079,cpu6,425662,3624,77364,479036,7498,0,17341,0
1772705848.903911079,cpu7,421336,3464,69197,487901,10675,0,12461,0
1772705849.908647126,cpu0,423740,3783,64123,497249,4414,0,14041,0
1772705849.908647126,cpu1,418706,4336,74595,489645,8590,0,13884,0
1772705849.908647126,cpu2,387739,3836,98967,482818,9865,0,18592,0
1772705849.908647126,cpu3,403761,3590,89191,487959,10686,0,15049,0
1772705849.908647126,cpu4,429345,3866,71933,487691,8283,0,9543,0
1772705849.908647126,cpu5,426055,4110,78900,480581,4522,0,14938,0
1772705849.908647126,cpu6,425663,3625,77369,479116,7498,0,17355,0
1772705849.908647126,cpu7,421337,3464,69202,487991,10675,0,12466,0
1772705850.914107668,cpu0,423741,3783,64128,497341,4414,0,14041,0
1772705850.914107668,cpu1,418707,4336,74596,489743,8590,0,13884,0
1772705850.914107668,cpu2,387741,3836,98970,482912,9865,0,18592,0
1772705850.914107668,cpu3,403762,3590,89195,488046,10686,0,15057,0
1772705850.914107668,cpu4,429360,3866,72015,487694,8283,0,9543,0
1772705850.914107668,cpu5,426063,4110,78965,480581,4522,0,14966,0
1772705850.914107668,cpu6,425663,3625,77371,479213,7498,0,17355,0
1772705850.914107668,cpu7,421342,3464,69220,488002,10675,0,12532,0
1772705851.919002724,cpu0,423745,3783,64164,497400,4414,0,14042,0
1772705851.919002724,cpu1,418708,4336,74597,489840,8590,0,13884,0
1772705851.919002724,cpu2,387744,3837,98974,483006,9865,0,18592,0
1772705851.919002724,cpu3,403762,3590,89196,488144,10686,0,15057,0
1772705851.919002724,cpu4,429367,3866,72070,487733,8283,0,9543,0
1772705851.919002724,cpu5,426071,4110,79030,480581,4522,0,14993,0
1772705851.919002724,cpu6,425665,3625,77372,479309,7498,0,17355,0
1772705851.919002724,cpu7,421346,3464,69244,488002,10675,0,12604,0
1772705852.923911750,cpu0,423751,3783,64196,497461,4414,0,14042,0
1772705852.923911750,cpu1,418709,4336,74598,489937,8591,0,13884,0
1772705852.923911750,cpu2,387747,3837,98978,483099,9866,0,18592,0
1772705852.923911750,cpu3,403763,3590,89197,488241,10686,0,15057,0
1772705852.923911750,cpu4,429375,3866,72126,487770,8283,0,9543,0
1772705852.923911750,cpu5,426079,4110,79097,480581,4522,0,15018,0
1772705852.923911750,cpu6,425667,3625,77375,479404,7498,0,17355,0
1772705852.923911750,cpu7,421352,3464,69268,488002,10675,0,12675,0
1772705853.930160449,cpu0,423752,3784,64199,497556,4414,0,14042,0
1772705853.930160449,cpu1,418711,4337,74603,490030,8591,0,13884,0
1772705853.930160449,cpu2,387753,3837,98982,483188,9866,0,18592,0
1772705853.930160449,cpu3,403765,3590,89200,488337,10686,0,15057,0
1772705853.930160449,cpu4,429384,3866,72183,487805,8283,0,9543,0
1772705853.930160449,cpu5,426084,4110,79140,480616,4522,0,15035,0
1772705853.930160449,cpu6,425670,3626,77380,479496,7498,0,17355,0
1772705853.930160449,cpu7,421355,3464,69286,488037,10675,0,12720,0
1772705854.939612628,cpu0,423754,3789,64205,497641,4415,0,14043,0
1772705854.939612628,cpu1,418719,4339,74613,490109,8592,0,13884,0
1772705854.939612628,cpu2,387758,3838,98991,483274,9866,0,18592,0
1772705854.939612628,cpu3,403771,3591,89204,488425,10686,0,15057,0
1772705854.939612628,cpu4,429385,3868,72186,487897,8285,0,9543,0
1772705854.939612628,cpu5,426089,4112,79150,480700,4522,0,15035,0
1772705854.939612628,cpu6,425673,3627,77387,479587,7498,0,17355,0
1772705854.939612628,cpu7,421356,3465,69290,488130,10676,0,12720,0
1772705855.949548035,cpu0,423757,3790,64208,497734,4415,0,14043,0
1772705855.949548035,cpu1,418720,4339,74615,490206,8592,0,13884,0
1772705855.949548035,cpu2,387759,3838,98994,483370,9866,0,18592,0
1772705855.949548035,cpu3,403776,3591,89206,488518,10686,0,15057,0
1772705855.949548035,cpu4,429385,3869,72188,487995,8285,0,9543,0
1772705855.949548035,cpu5,426093,4112,79153,480793,4522,0,15035,0
1772705855.949548035,cpu6,425674,3628,77390,479682,7498,0,17355,0
1772705855.949548035,cpu7,421358,3465,69292,488226,10676,0,12720,0
